filing_row,title_of_class,cusip,name_of_issuer
159,RT,G2616F119,D BORAL ARC ACQUISITION 30
283,RT,G4790S115,INFLECTION POINT ACQUISITION
403,RT,G6486E110,NEWHOLD INVESTMENT CORP 30
585,RT,G9008W113,TRANSLATIONAL DEV A CW26
80,RT,G1170E112,BLEICHROEDER ACQUISITION COR
329,RT,500081112,KODIAK AI INC W EXP 09/25/203
286,RT,45676K111,INFLECTION POINT ACQUISITION
82,RT,G1331A116,BLUE ACQUISITION CORP RTS
47,RT,G04537125,ARCHIMEDES TECH SPAC PARTNER W EXP 10/15/202
507,RT,G81306113,SILICON VALLEY ACQUISITION C
172,RT,269710117,EAGLE NUCLEAR ENERGY CORP
570,RT,87821B117,TEAMSHARES INC W EXP 06/18/203
287,RT,G6001J131,INFLECTION POINT ACQUISITION
193,RT,30347G111,FACTORIAL ENERGY INC W EXP 06/04/203
435,RT,G7010A111,PERIMETER ACQUIS CORP I 30
289,RT,G47875110,INFLECTION POINT ACQUISITION
566,RT,G86652123,TALON CAPITAL CORP 30
356,RT,G5501C117,LIONHEART HOLDINGS WT
572,RT,881454110,TERRESTRIAL ENERGY INC W EXP 10/28/203
542,RT,G8377R119,SPRING VALLEY ACQ CO 30
175,RT,G2946P118,EGH ACQUISITION CORP RTS
51,RT,G0R38G112,Armada Acquisition Corp A
71,RT,G1051H119,BERTO ACQUISITION CORP 30
469,RT,G73944111,REAL ASSET AQC Corp 30
268,RT,G4405D115,HENNESSY CAPITAL INVESTMENT
537,RT,G8316B118,SPARK I ACQUISITION CORP 28
517,RT,G8193F133,SIZZLE ACQUISITION CORP RTS
503,RT,G8118C116,SIDDHI ACQUISITION CORP
509,RT,G8192J136,SILVER PEGASUS ACQUISITION C
147,RT,G2296M129,COLUMBUS CIRCLE CAPITAL CORP
581,RT,G8901A111,Titan Acquisition Corp 30
190,RT,G3226F119,EVOLUTION GLOBAL ACQUISITION
574,RT,G8772L113,TEXAS VENTURES ACQ 31
494,RT,G77676115,SAFEGUARD ACQUISITION CORP
150,RT,G25014112,CRANE HARBOR ACQUISITION RTS
249,RT,G4R12K115,GSR IV ACQUISITION CORP RTS
363,RT,G6071J110,M EVO GLOBAL ACQ 31
442,RT,G71702115,PONO CAPITAL FOUR INC RTS
126,RT,G2131A116,CHURCHILL CAPITAL CORP XI
397,RT,023634116,NEW AMERICA ACQUISITION I CO
381,RT,G60420117,METALS ACQUISITION CORP II
64,RT,G0750N112,AXIOM INTELLIGENCE ACQUISITI
466,RT,G7375C116,RANGE CAPITAL ACQUISITION CO
589,RT,G9037S117,TRG LATIN AMERICA ACQUISITIO
328,RT,G5304D114,KOCHAV DEFENSE ACQUISITION R
300,RT,G4939F123,IRENIC ACQUISITION 31
58,RT,G0509J123,ARTIUS II ACQUISITION INC
243,RT,G4036C122,GRAF GLOBAL CORP
124,RT,G21301117,CHURCHILL CAPITAL CORP I 29
378,RT,G6005T119,MCKINLEY ACQUISITION CORP
580,RT,G87890110,THAYER VENTURES ACQUISITION
496,RT,G7866D110,SC II ACQUISITION CORP RT
526,RT,G8274J111,SOREN ACQUISITION CORP
323,RT,G5235S115,KENSINGTON CAPITAL ACQUISITI
324,RT,G52539122,KEYSTONE ACQUISITION 31
102,RT,G1771C127,CALISA ACQUISITION CORP
430,RT,G8089R118,PANTAGES CAPITAL ACQUIS RT
239,RT,G4002F125,GORES HOLDINGS X INC 31
467,RT,G7375J111,RANGE CAPITAL ACQUISITION CO
92,RT,G2003N121,BOLD EAGLE ACQUISITION CORP
408,RT,654484153,NIOCORP DEVELOPMENTS LTD 28
420,RT,G6791A118,OTG ACQUISITION CORP I 30
529,RT,G82745137,SOULPOWER ACQUISITION CORP
472,RT,G7515A129,REPUBLIC DIGITAL ACQU 30
453,RT,G7309T110,PYROPHYTE ACQUISITION CORP I
603,RT,G9582G112,VIKING ACQUISITION CORP I
261,RT,G4365E111,HCM III ACQUISITION CORP 30
305,RT,46283H129,IRON HORSE ACQUISITI RIGHTS
532,RT,G8375S119,SPACE ASSET ACQUISITION CORP
481,RT,G75751118,RITHM ACQUISITION CORP 30
316,RT,G52258129,K&F GROWTH ACQUISITION CORP
225,RT,G3793T120,GENERAL CATALYST GLOBAL RESI
101,RT,G17564116,CAL REDWOOD ACQUISITION CORP
52,RT,G0R38M119,ARMADA ACQUISITION CORP III
141,RT,G22741113,COLLECTIVE ACQUISITION CORP
163,RT,G2868C111,DIGITAL ASSET ACQUISITION 30
134,RT,G2254C113,COHEN CIRCLE ACQ II 30
404,RT,G6486G115,NEWHOLD INVESTMENT CORP IV
160,RT,G2616C116,DAEDALUS SPEC ACQ 30
311,RT,G4992A136,JACKSON ACQUISITION CO II
170,RT,G2949T117,DYNAMIX CORP III
390,RT,G6301L117,MOUNTAIN LAKE ACQUISITION CO
296,RT,G4924G110,INVEST GREEN ACQUISITION RTS
196,RT,G3R41C110,FG IMPERII ACQUISITION CORP
253,RT,40500A116,HADRON ENERGY INC W EXP 05/22/203
255,RT,G42386113,HALL CHADWICK ACQUISI RIGHTS
321,RT,G5225W118,KARBON CAPITAL PARTNERS CORP
544,RT,G8377G113,SPRING VALLEY ACQUISITION CO
145,RT,G2295P115,COLUMBUS ACQUISITION CORP
116,RT,G2104X119,CH4 NATURAL SOLUTIONS 31
447,RT,74277P113,PROCAP FINANCIAL INC
615,RT,G9600E115,WEST ENCLAVE MERGER CORP RT
6,RT,G00582117,ABONY ACQUISITION CORP CW27
626,RT,G9831H119,X3 ACQUISITION CORP LTD
127,RT,G2131M110,CHURCHILL CAPITAL CORP XII
449,RT,G7341A111,PROEM ACQUISITION CORP I
46,RT,G0453R113,ARCHIMEDES TECH SPAC PARTNER
11,RT,G0081J111,ACTIVATE ENERGY ACQUISITION
273,RT,G4727U118,IDEA ACQUISITION CORP 30
86,RT,G1368E114,BLUE WATER ACQUISITION CW26
26,COM,02079K107,ALPHABET INC CL C
25,COM,02079K305,ALPHABET INC CL A
487,COM,770700102,ROBINHOOD MARKETS INC A
510,COM,G81354105,SILVERBOX CORP IV A
355,COM,G5501C109,LIONHEART HOLDINGS CL A
285,COM,G47875102,INFLECTION POINT ACQUISITION
579,COM,G87890102,THAYER VENTURES ACQUIS CL A
338,COM,G5345D107,LAFAYETTE DIGITAL ACQUISITIO
212,COM,G37307124,FUTURECORP SPACE ACQUISITION
48,COM,G3303U112,ARES ACQUISITION CORP III
465,COM,G7375J103,RANGE CAPITAL ACQUISIT CL A
274,COM,G4727U100,IDEA ACQUISITION CORP CL A
72,COM,G1051M126,BERTO ACQUISITION CORP II
140,COM,G22741105,COLLECTIVE ACQUIS CORP CL A
567,COM,G86652107,TALON CAPITAL CORP CL A
244,COM,G4036C106,GRAF GLOBAL CORP CL A
158,COM,G2616F101,D BORAL ARC ACQUISIT CL A
312,COM,G5093B105,JENA ACQUISITION CORP II A
79,COM,G1170E104,BLEICHROEDER ACQUIS II CL A
56,COM,G0579E103,ART TECHNOLOGY ACQUISIT CL A
527,COM,G8274J103,SOREN ACQUISITION CORP CL A
70,COM,G1051H101,BERTO ACQUISITION CORP
146,COM,G2296M103,COLUMBUS CIRCLE CAPITAL CO A
436,COM,G7010A129,PERIMETER ACQUIS CORP I CL A
284,COM,G4790S107,INFLECTION POINT ACQUISITION
174,COM,G2946P100,EGH ACQUISITION CO A
240,COM,G4002F109,GORES HOLDINGS X INC CL A
267,COM,G4405D107,HENNESSY CAPITAL INVESTMENT
493,COM,G77676107,SAFEGUARD ACQUISITION C CL A
319,COM,G5225W100,KARBON CAPITAL PARTNERS CL A
306,COM,46283H103,IRON HORSE ACQUISITIONS CORP
495,COM,G7866D102,SC II ACQUISITION CORP CL A
189,COM,G3226F101,EVOLUTION GLOBAL ACQUIS CL A
195,COM,G3R41C102,FG IMPERII ACQUISITION CL A
389,COM,G6301L109,MOUNTAIN LAKE ACQUISITI CL A
377,COM,G6005T101,MCKINLEY ACQUISITION CO CL A
327,COM,G5304D106,KOCHAV DEFENSE ACQUISITION A
135,COM,G2254C121,COHEN CIRCLE ACQUISIT II A
627,COM,G9831H101,X3 ACQUISITION CORP LTD CL A
49,COM,G0R38M101,ARMADA ACQ CORP III A
342,COM,G5S87A105,LAUNCH TWO ACQUISITION CL A
473,COM,G7515A103,REPUBLIC DIGITAL ACQUIS CL A
161,COM,G2616C108,DAEDALUS SPECIAL ACQUIS CL A
7,COM,G00582109,ABONY ACQUISITION CORP I A
543,COM,G8377G105,SPRING VALLEY ACQUISITIO A
315,COM,G52258111,K&F GROWTH ACQUISITION COR A
325,COM,G52539106,KEYSTONE ACQUISITION CO CL A
105,COM,G1828E100,CANTOR EQUITY PARTNERS CL A
248,COM,G4R12K107,GSR IV ACQUISITION CORP CL A
421,COM,G6791A100,OTG ACQUISITION CORP I CL A
206,COM,G3645T104,FORTRESS VALUE ACQUIS V CL A
263,COM,G4365S102,HCM IV ACQUISITION CORP CL A
125,COM,G21301109,CHURCHILL CAPITAL CORP IX
379,COM,G6032N101,MESHFLOW ACQUISITION CO CL A
75,COM,G1143H101,BITCOIN INFRASTRUCTURE CL A
518,COM,G8251A125,SNOW ROTHSCHILD ACQUISITION
582,COM,G8901A103,TITAN ACQUISITION CORP CL A
399,COM,G6476A102,NEW PROVIDENCE ACQUISITION A
260,COM,G4365E103,HCM III ACQUISITION COR CL A
586,COM,G9008W105,TRANSLATIONAL DEVELOPMENT AC
91,COM,G2003N105,BOLD EAGLE ACQUISITION COR A
310,COM,G4992A110,JACKSON ACQUISITION CO CL A
149,COM,G25014104,CRANE HARBOR ACQUISITIO CL A
241,COM,G40008123,GORES HOLDINGS XI INC
45,COM,G0453R105,ARCHIMEDES TECH SPAC PARTNER
19,COM,G01900102,ALDABRA 4 LIQUIDITY OPP CL A
364,COM,G6071J102,M EVO GLOBAL ACQUISITIO CL A
424,COM,G6861F104,OYSTER ENTERPRISES II ACQ A
452,COM,G7309T102,PYROPHYTE ACQUISITION CORP A
482,COM,G75751100,RITHM ACQUISITION CORP A
117,COM,G2104X101,CH4 NATURAL SOLUTIONS ACQU A
612,COM,G9R39C103,WEN ACQUISITION CORP A
98,COM,G0701G109,BTC DEVELOPMENT CORP CL A
365,COM,G63221108,M3 BRIGADE ACQUISITION CL A
10,COM,G0081J103,ACTIVATE ENERGY ACQUISITIO A
114,COM,G20315100,CENTURION ACQUISITION CORP
37,COM,G26745102,ANDRETTI ACQUISITION CORP A
123,COM,G2131M102,CHURCHILL CAPITAL CORP CL A
347,COM,G7318R105,LEGATO MERGER CORP IV
59,COM,G0509J115,ARTIUS II ACQUISITION INC A
184,COM,G3106Q102,EQV VENTURES ACQUISITION C A
265,COM,G44055104,HENNESSY CAPITAL INVEST A
1,COM,G6757R105,1RT ACQUISITION CORP A
437,COM,G7117W107,PIONEER ACQUISITION I CL A
575,COM,G8772L105,TEXAS VENTURES ACQUISITION A
21,COM,G01558108,ALDEL FINANCIAL II INC
417,COM,G6S74K106,ONEIM ACQUISITION CL A
513,COM,G8148S107,SILVERBOX CORP V CL A
29,COM,G0233J100,ALUSSA ENERGY ACQUISIT II A
295,COM,G4924G102,INVEST GREEN ACQUISITIO CL A
485,COM,G7610P120,RMG ML SPORTS HOLDINGS
391,COM,G63113107,MOZAYYX ACQUISITION COR CL A
62,COM,G0679A100,AVERIN CAP ACQUISITIO C CL A
591,COM,G90420129,TRIBECA STRATEGIC ACQUISITIO
448,COM,G7341A103,PROEM ACQUISITION CORP I
446,COM,G7257A105,PROCAP ACQUISITION CORP A
353,COM,G5490M100,LIGHTWAVE ACQUISITION CORP A
224,COM,G3793T104,GENERAL CATALYST GL RES CL A
400,COM,G6439S109,NEWBURY STREET II AC CLASS A
405,COM,G6486G107,NEWHOLD INVESTMENT CORP IV A
607,SDBCV,928298AR9,VISHAY INTERTECHNOLOGY 2.25 09/15/2030
385,SDBCV,55306NAB0,MKS INC 1.25 06/01/2030
515,SDBCV,82982TAA4,SITIME 0 06/15/2031
252,SDBCV,40131MAD1,GUARDANT HEALTH INC 1.25 02/15/2031
113,SDBCV,15643UAE4,CENTRUS ENERGY CORP 2.25 11/01/2030
42,SDBCV,038169AB4,APPLIED DIGITAL CORP 2.75 06/01/2030
522,SDBCV,83419XAB4,SOLARIS ENERGY INFRASTRU 0.25 10/01/2031
541,SDBCV,55826TAB8,SPHERE ENTERTAINMENT CO 3.5 12/01/2028
597,SDBCV,922417AJ9,VEECO INSTRUMENTS INC 2.875 06/01/2029
521,SDBCV,83417MAE4,SOLAR EDGE TECHNOLOGIES 2.25 07/01/2029
434,SDBCV,83205YAE4,PENGUIN SOLUTIONS INC 2 08/15/2030
594,SDBCV,91332UAH4,UNITY SOFTWARE INC 0 03/15/2030
96,SDBCV,10806XAD4,BRIDGEBIO PHARMA INC 2.25 02/01/2029
480,SDBCV,767292AB1,RIOT PLATFORMS INC 0.75 01/15/2030 144A
129,SDBCV,18452BAC4,CLEANSPARK INC 0 06/15/2030 144A
111,SDBCV,15102KAA8,CELCUITY INC 2.75 08/01/2031
558,SDBCV,86800UAF1,SUPER MICRO COMPUTER INC 0 06/15/2030
128,SDBCV,17253JAA4,CIPHER DIGITAL INC NOTE 1.750 5/1
14,SDBCV,00827BAD8,AFFIRM HOLDINGS INC 0.75 12/15/2029
293,SDBCV,45826HAD1,INTEGER HOLDINGS CORP 1.875 03/15/2030 144A
433,SDBCV,70614WAD2,PELOTON INTERACTIVE INC 5.5 12/01/2029
492,SDBCV,781154AD1,RUBRIK INC 0 06/15/2030 144A
557,SDBCV,86771WAD7,SUNRUN INC 4 03/01/2030 144A
299,SDBCV,46270CAD1,IREN LTD 3.5 12/15/2029
561,SDBCV,87157DAJ8,SYNAPTICS INC 0.75 12/01/2031
369,SDBCV,56087FAD6,MAKEMYTRIP LIMITED 0 07/01/2030 144A
223,SDBCV,36165LAD0,GDS HOLDINGS LIMITED 2.25 06/01/2032
596,SDBCV,91680MAD9,UPSTART HOLDINGS INC 2 10/01/2029 144A
548,SDBCV,594972AU5,STRATEGY INC 0 03/01/2030
550,SDBCV,594972AJ0,STRATEGY INC NOTE 0.625 3/1
523,SDBCV,83419XAA6,SOLARIS ENERGY INFRASTRU 4.75 05/01/2030
13,SDBCV,008073AA6,AEROVIRONMENT INC 0 07/15/2030
173,SDBCV,278768AB2,ECHOSTAR CORP 3.875 11/30/2030
514,SDBCV,82835PAB9,SILVERCORP METALS INC 4.75 12/15/2029 144A
254,SDBCV,405024AD2,HAEMONETICS CORP 2.5 06/01/2029
142,SDBCV,19459JAC8,COLLEGIUM PHARMA INC 2.875 02/15/2029
415,SDBCV,682189AU9,ON SEMICONDUCTOR CORP 0.5 03/01/2029
43,SDBCV,03823UAF9,APPLIED OPTOELECTRONICS 2.75 01/15/2030
78,SDBCV,09228FAM5,BLACKBERRY LTD 3 02/15/2029
419,SDBCV,671044AF2,OSI SYSTEMS INC 2.25 08/01/2029
194,SDBCV,31188VAD2,FASTLY INC 7.75 06/01/2028
298,SDBCV,46270CAB5,IREN LTD 3.25 06/15/2030
630,SDBCV,98423FAD1,XOMETRY INC 0.75 06/15/2030
554,SDBCV,86333MAA6,STRIDE INC 1.125 09/01/2027
349,SDBCV,531229AP7,LIBERTY MEDIA CORP 3.75 03/15/2028
450,SDBCV,743312AD2,PROGRESS SOFTWARE CORP 3.5 03/01/2030
553,SDBCV,594972AN1,STRATEGY INC NOTE 2.250 6/1
314,SDBCV,47775AAA9,JOBY AVIATION INC 0.75 02/15/2032
426,SDBCV,695127AJ9,PACIRA BIOSCIENCES INC 2.125 05/15/2029
563,SDBCV,35834FAB0,T1 ENERGY INC 5.25 12/01/2030
207,SDBCV,349915AE8,FORTUNA MINING CORP 3.75 06/30/2029 144A
179,SDBCV,292554AP7,ENCORE CAPITAL GROUP INC 4 03/15/2029
251,SDBCV,40131MAB5,GUARDANT HEALTH INC 0 11/15/2027
350,SDBCV,532206AC3,LIFE360 INC 0 06/01/2030 144A
368,SDBCV,56087FAB0,MAKEMYTRIP LIMITED 0 02/15/2028
133,SDBCV,19240QAA0,COGENT BIOSCIENCES INC 1.625 11/15/2031
595,SDBCV,91680MAF4,UPSTART HOLDINGS INC 1 11/15/2030
560,SDBCV,86800UAB0,SUPER MICRO COMPUTER INC 3.5 03/01/2029
309,SDBCV,465741AQ9,ITRON INC 1.375 07/15/2030 144A
182,SDBCV,194014AB2,ENOVIS CORP 3.875 10/15/2028
376,SDBCV,58039PAB3,MCEWEN MINING INC 5.25 08/15/2030 144A
136,SDBCV,19260QAF4,COINBASE GLOBAL INC 0.25 04/01/2030 144A
549,SDBCV,594972AL5,STRATEGY INC 0.875 03/15/2031
358,SDBCV,53802LAB8,LIVANOVA PLC 2.5 03/15/2029
110,SDBCV,15102KAB6,CELCUITY INC 0.25 08/01/2032
24,SDBCV,01644JAB4,ALKAMI TECHNOLOGY INC 1.5 03/15/2030
406,SDBCV,62914VAJ5,NIO INC 3.875 10/15/2029
187,SDBCV,30050BAH4,EVOLENT HEALTH INC 3.5 12/01/2029
540,SDBCV,84762LAZ8,SPECTRUM BRANDS INC 3.375 06/01/2029
202,SDBCV,34379VAB9,FLUENCE ENERGY INC 2.25 06/15/2030
562,SDBCV,35834FAC8,T1 ENERGY INC 4 04/15/2031
367,SDBCV,55405YAD2,MACOM TECH SOLUTIONS 0 12/15/2029
407,SDBCV,62914VAK2,NIO INC 4.625 10/15/2030
3,SDBCV,002121AB7,A10 NETWORKS INC 2.75 04/01/2030 144A
54,SDBCV,04271TAD2,ARRAY TECHNOLOGIES INC 2.875 07/01/2031 144A
625,SDBCV,98139AAD7,WORKIVA INC 1.25 08/15/2028
622,SDBCV,974637AF7,WINNEBAGO INDUSTRIES 3.25 01/15/2030
610,SDBCV,94419LAP6,WAYFAIR INC 3.25 09/15/2027
357,SDBCV,53680QAA6,LITHIUM ARGENTINA AG 1.75 01/15/2027
499,SDBCV,816850AF8,SEMTECH CORP 1.625 11/01/2027
277,SDBCV,45258DAB1,IMMUNOCORE HOLDINGS 2.5 02/01/2030
568,SDBCV,875372AD6,TANDEM DIABETES CARE INC 1.5 03/15/2029 144A
414,SDBCV,68213NAF6,OMNICELL INC 1 12/01/2029
246,SDBCV,393222AM6,GREEN PLAINS INC 5.25 11/01/2030
484,SDBCV,76954AAB9,RIVIAN AUTO INC 4.625 03/15/2029
427,SDBCV,69549FAB5,PAGAYA TECHNOLOGIES LTD 6.125 10/01/2029
297,SDBCV,46267XAK4,IQIYI INC 4.625 03/15/2030
608,SDBCV,90138AAE3,VNET GROUP INC 2 10/01/2027 144A
27,SDBCV,02081GAD4,ALPHATEC HOLDINGS INC 0.75 03/15/2030 144A
409,SDBCV,67080NAA9,NUVATION BIO INC 0.75 07/01/2032
269,SDBCV,42703MAF0,HERBALIFE LTD 4.25 06/15/2028
372,SDBCV,565788AD8,MARA HOLDINGS INC 2.125 09/01/2031 144A
278,SDBCV,453204AD1,IMPINJ INC 1.125 05/15/2027
588,SDBCV,89422GAA5,TRAVERE THERAPEUTICS INC 2.25 03/01/2029
468,SDBCV,753422AH7,RAPID7 INC 1.25 03/15/2029
201,SDBCV,31810TAB7,FINVOLUTION GROUP 2.5 07/01/2030 144A
53,SDBCV,04271TAB6,ARRAY TECHNOLOGIES INC 1 12/01/2028
637,SDBCV,98937LAA3,ZENAS BIOPHARMA INC 2.5 04/01/2032
55,SDBCV,04280AAC4,ARROWHEAD RESEARCH CORP 0 01/15/2032
115,SDBCV,156727AD1,CERENCE INC 1.5 07/01/2028
611,ADR,948596101,WEIBO CORP SPON ADR
